time,C1,C2,C3,Cmix,cO,Q_air
0.0,280.0,280.0,280.0,280.0,0.0,166.20202691696903
10.0,280.1652309748378,280.16521906218003,280.1652241732378,280.1647767270677,0.039995034619902475,166.20202691696903
20.0,280.2719346374903,280.27191377939596,280.2719226611828,280.2714855785571,0.06740806860299141,167.48562844477857
30.0,280.3431140885334,280.3430865007584,280.34309816738255,280.3426680722923,0.08760907118967992,167.48562844477857
40.0,280.39063524316094,280.39060257448557,280.39061630377614,280.39019093415715,0.10274685297514853,401.19652605274644
50.0,280.3913573151402,280.39132076962807,280.3913360429012,280.39091101699603,0.17522946732544512,401.19652605274644
60.0,280.33975613804927,280.3397165136818,280.3397329937606,280.33930341636164,0.23433589374781205,209.55840003001072
70.0,280.2715481901102,280.27150602079473,280.27152348707824,280.2710877796151,0.23322327271775053,209.55840003001072
80.0,280.20679509630196,280.2067507900632,280.20676907703273,280.2063275340166,0.23222353820460917,230.04599030635447
90.0,280.1435020844149,280.14345596448464,280.1434749431467,280.14302767888313,0.2368533829701532,230.04599030635447
100.0,280.0801575188295,280.0801098368998,280.0801294085912,280.0796764001035,0.2408211332687646,169.32347815200416
110.0,280.0223075957235,280.02225855201226,280.02227863945575,280.0218203785261,0.22795840517900465,169.32347815200416
120.0,279.9743625231482,279.9743122943542,279.9743328295375,279.97387022064413,0.21696590987420417,160.41195675216096
130.0,279.9359138611542,279.93586260766597,279.9358835288071,279.9354174395197,0.2052554580321323,160.41195675216096
140.0,279.9064836589977,279.9064315281698,279.9064527783936,279.9059840334334,0.19538318887424871,136.00692633056934
150.0,279.8872665579239,279.8872136865666,279.88723521291774,279.88676474757557,0.18063544141702345,136.00692633056934
160.0,279.87911498040035,279.87906150173205,279.87908325226607,279.8786120824635,0.16840644762389756,142.02551800851504
170.0,279.8795482622545,279.87949430371464,279.8795162285437,279.8790451411607,0.15994988069845867,142.02551800851504
180.0,279.8863490668186,279.88629474506587,279.8863167985656,279.8858463754292,0.15305784383319418,153.9053093855463
190.0,279.89680587910914,279.8967512972785,279.89677343928895,279.89630401237224,0.15059302259192373,153.9053093855463
200.0,279.90876576511533,279.90871100873517,279.9087332063098,279.9082649084429,0.1486044165588438,162.31399237527012
210.0,279.92079859002195,279.9207437277071,279.92076595479386,279.920298787713,0.14920660055789925,162.31399237527012
220.0,279.93186377927765,279.93180886265924,279.9318311001147,279.9313649696868,0.14969430068535533,173.36114578236223
230.0,279.94078118994344,279.94072625578065,279.940748490455,279.94028319467844,0.1529881720349185,173.36114578236223
240.0,279.94677353805116,279.9467186080526,279.9467408328678,279.94627609805013,0.15565570607506654,164.5366110949877
250.0,279.9514960485561,279.9514411341888,279.95146334607807,279.9509990522617,0.15549837316825682,164.5366110949877
260.0,279.95614886538095,279.95609397449635,279.956116171584,279.9556523109484,0.15536865506553793,175.94085598839212
270.0,279.95938710724164,279.95933224459077,279.9593544260437,279.9588908670148,0.15826258336364282,175.94085598839212
280.0,279.9602892748624,279.96023443890385,279.9602566063429,279.9597931317773,0.16061755241662176,161.89274588297383
290.0,279.96098203407274,279.9609272200167,279.96094937622837,279.9604859657318,0.15883628827283433,161.89274588297383
300.0,279.96300119108855,279.962946397435,279.9629685435969,279.9625053198519,0.15738351117132665,169.49154446330743
310.0,279.96516751881416,279.9651127464755,279.9651348826049,279.9646718593362,0.15820192658480156,169.49154446330743
320.0,279.9666211543917,279.96656640292093,279.9665885295325,279.9661256404765,0.15886910381729807,173.28125975771212
330.0,279.96707507882996,279.9670203459642,279.967042464275,279.96657961688715,0.1604094718641228,173.28125975771212
340.0,279.96634786739503,279.96629314851606,279.9663152606853,279.96585234556187,0.1616649347496821,166.45443774800603
350.0,279.96548318420446,279.9654284738855,279.96545058235273,279.964987586582,0.16089023294554886,166.45443774800603
360.0,279.9652383835359,279.96518367856595,279.96520578476355,279.9647427659272,0.16025720683802355,161.29963159939342
370.0,279.9660721925979,279.9660174923372,279.9660395965627,279.9655766544082,0.15838452827799968,161.29963159939342
380.0,279.96829657062176,279.9682418778657,279.96826397893295,279.9678012422383,0.15686004613032142,172.9475849888998
390.0,279.97024729717,279.9701926158836,279.9702147121206,279.96975215591465,0.15868572907294717,172.9475849888998
400.0,279.97072947555415,279.97067480598855,279.97069689733365,279.97023438542715,0.16017320107621238,161.2123218548189
410.0,279.97141153624324,279.9713568766166,279.9713789638695,279.9709165142529,0.15829470782000096,161.2123218548189
420.0,279.9734967398822,279.97344209146553,279.9734641740961,279.9730019167824,0.156764051495464,168.48991085317599
430.0,279.97582341739997,279.975768783446,279.9757908600785,279.9753288176684,0.15743493097265257,168.48991085317599
440.0,279.97754162543794,279.9774870075705,279.97750907754437,279.97704719353055,0.15798173493631248,171.17408517223723
450.0,279.9784645061049,279.9784099039951,279.97843196748767,279.97797016826723,0.15913260422439388,171.17408517223723
460.0,279.97847677591574,279.97842218708564,279.9784442451871,279.9779824464372,0.16006960710975823,165.49063368077253
470.0,279.97843071199617,279.97837613313845,279.9783981872743,279.9779363834474,0.15933617422296045,165.49063368077253
480.0,279.97894321936,279.9788886488626,279.9789106997094,279.9784489426757,0.15873784467233115,169.00417008761127
490.0,279.9794850144704,279.9794304519252,279.97945249963675,279.9789907923265,0.15917581023375882,169.00417008761127
500.0,279.979672022217,279.9796174666957,279.9796395116532,279.9791778212306,0.15953302563958197,168.8765640593443
510.0,279.97959568097286,279.9795411310088,279.9795631738235,279.9791014759484,0.15979019652046922,168.8765640593443
520.0,279.9793280600995,279.97927351401154,279.9792955553817,279.97883383241503,0.1599995456631247,166.96654088061413
530.0,279.97913171865537,279.97907717492234,279.97909921547307,279.97863747401516,0.15966714161141102,166.96654088061413
540.0,279.97919521936865,279.97914067732705,279.9791627173131,279.9787009815046,0.15939606441497192,167.48891228271978
550.0,279.9794014561723,279.9793469158134,279.97936895521093,279.9789072383306,0.15931292793222737,167.48891228271978
560.0,279.97966213331694,279.9796075948378,279.97962963354007,279.979167940641,0.15924538956813902,166.5497281877838
570.0,279.9800711546734,279.9800166184354,279.98003865627396,279.9795770010533,0.1589432120340367,166.5497281877838
580.0,279.98069290190415,279.98063836868175,279.98066040531563,279.980198807465,0.1586971263504946,166.66500234170167
590.0,279.9814628624771,279.9814083333061,279.9814303682849,279.9809688415073,0.15852728295782742,166.66500234170167
600.0,279.9823304284126,279.98227590438665,279.98229793724647,279.9818364905371,0.15838917077762235,167.18033315491815
610.0,279.9832082476966,279.98315372981625,279.98317576013665,279.98271439442095,0.15841246751609578,167.18033315491815
620.0,279.984032435842,279.98397792479653,279.9839999522945,279.983538662561,0.15843153543514701,165.6741935227692
630.0,279.98498199542985,279.98492749178297,279.9849495162299,279.98448831399014,0.15805069111341072,165.6741935227692
640.0,279.98618304468425,279.98612854941945,279.98615057040723,279.9856894789226,0.15774069807550406,166.6872988029888
650.0,279.9874543377777,279.98739985208425,279.98742186911727,279.9869608948886,0.1577552885515788,166.6872988029888
660.0,279.98866242691315,279.9886079516576,279.98862996438504,279.9881691015003,0.1577673874911511,167.1877439091433
670.0,279.98975425290394,279.98969978856127,279.98972179679936,279.9892610344719,0.15790889655281373,167.1877439091433
680.0,279.9906936514956,279.9906391980807,279.9906612018417,279.9902005259287,0.15802404388063396,164.92876475767133
690.0,279.991767732747,279.9917132901594,279.99173528949984,279.9912747123686,0.15752326219882135,164.92876475767133
700.0,279.993180478741,279.9931260476163,279.9931480422728,279.99268759528627,0.15711575688019813,167.81167836341967
710.0,279.99451323952576,279.9944588207752,279.9944808103689,279.99402048621226,0.15754309788932183,167.81167836341967
720.0,279.9954650391474,279.99541063274626,279.995432617302,279.9949723806506,0.15789103249980366,165.2729222264776
730.0,279.99640597273066,279.9963515780847,279.9963735578676,279.9959134076057,0.15750584874474755,165.2729222264776
740.0,279.9976029135043,279.99754853060705,279.99757050562596,279.9971104654856,0.15719222936450114,166.48009508814349
750.0,279.99885082110296,279.9987964503652,279.99881842044766,279.9983584951967,0.15725500116962765,166.48009508814349
760.0,279.99999962203736,279.99994526364395,279.9999672287154,279.9995074091562,0.15730628443807276,161.74430004933504
770.0,280.0016111259197,280.0015567802675,280.0015787401609,280.0011190689262,0.15610220249807344,161.74430004933504
780.0,280.0040815200248,280.0040271893094,280.00404914308984,280.0035896997009,0.1551236734053103,175.74723724665378
790.0,280.0055749032502,280.00552058957265,280.00554253635613,280.0050832308553,0.15801211493301612,175.74723724665378
800.0,280.004804809966,280.0047505101704,280.00477245133976,280.0043130740082,0.160362737029844,170.81987741985168
810.0,280.00285343645623,280.0027991437605,280.0028210822299,280.00236152361293,0.16097920945276867,170.81987741985168
820.0,280.00051885573265,280.0004645632973,280.0004865019633,280.0000267268776,0.16148042981818983,189.18152234238778
830.0,279.9958329143103,279.9957786142203,279.99580055641457,279.9953403482009,0.1667278314558782,189.18152234238778
840.0,279.9874721345366,279.9874178122725,279.98743976413044,279.98697878282405,0.1710263260526952,145.44339829706678
850.0,279.9811509454729,279.9810965862009,279.9811185539261,279.9806569872456,0.1630088808105456,145.44339829706678
860.0,279.98107990673685,279.9810255115202,279.9810474944403,279.9805859218701,0.15644655605816124,172.643739994484
870.0,279.9828630414074,279.98280862193394,279.9828306148801,279.9823692092685,0.15826606749967548,172.643739994484
880.0,279.9831834054046,279.98312896952604,279.9831509690814,279.98268959448075,0.15975167662851328,155.62905741162692
890.0,279.9843211353081,279.9842666876871,279.98428869185267,279.9838274229439,0.15648232839523954,155.62905741162692
900.0,279.9879198778617,279.9878654271174,279.98788743222224,279.9874264967348,0.15382284811063934,160.35138980329793
910.0,279.9928732656281,279.9928188232367,279.9928408244283,279.99238034761527,0.1529085794685765,160.35138980329793
920.0,279.9983337625883,279.9982793393965,279.99830133214203,279.9978413604345,0.15216964575409575,168.70661860077956
930.0,280.0031610159197,280.0031066205146,280.00312860128656,280.00266907591674,0.15376668843666527,168.70661860077956
940.0,280.0065528331288,280.0064984691481,280.0065204365558,280.0060612241657,0.15506193839248505,171.91729702694275
950.0,280.00843521217837,280.00838087901695,280.0084028334738,280.0079437942197,0.15695635292569476,171.91729702694275
960.0,280.0087916244378,280.0087373177669,280.00875926124405,280.00830025378235,0.15849541774283457,168.6180341712275
970.0,280.00834272770106,280.00828844123043,280.0083103764903,280.0078513262449,0.1588784926677927,168.6180341712275
980.0,280.0076222224539,280.00756795021135,280.0075898798288,280.00713076189106,0.15918934946851318,169.72416136334294
990.0,280.0065687519791,280.00651448864465,280.0065364148796,280.0060771987019,0.15973348736355464,169.72416136334294
1000.0,280.00514654318084,280.0050922837141,280.00511420867946,280.0046548603454,0.16017673010795666,169.37266213023233
1010.0,280.0034878983156,280.00343363806405,280.00345556369,280.00299606152265,0.16044515670988646,169.37266213023233
1020.0,280.0016945833436,280.0016403182719,280.00166224621205,280.0012025779656,0.16066373743660142,163.81219085552374
1030.0,280.00044494395564,280.00039067121475,280.000412602609,279.99995281858975,0.15937767282837995,163.81219085552374
1040.0,280.0002212688882,280.000166988501,280.00018892325727,279.99972911863233,0.15832944483320302,170.56711758388178
1050.0,280.00002578749275,279.9999715010085,279.99999343840074,279.99953361609863,0.15925455175404432,170.56711758388178
1060.0,279.9991358953817,279.999081602779,279.99910354277864,279.9986436384467,0.16000893658386459,164.68900790968962
1070.0,279.99838502073334,279.99833072110283,279.9983526640689,279.99789269035637,0.15907560432058135,164.68900790968962
1080.0,279.99837361615005,279.99831931020856,279.9983412558039,279.9978812812503,0.1583146688461104,168.4784293497256
1090.0,279.99850464653537,279.99845033604754,279.9984722834955,279.9980123214308,0.15869302788590686,168.4784293497256
1100.0,279.9983422095581,279.99828789547496,279.9983098443643,279.99784986753895,0.15900168105299722,166.3544691045971
1110.0,279.9981962830563,279.99814196570316,279.9981639158977,279.99770392571526,0.1586937601416303,166.3544691045971
1120.0,279.99829056876064,279.9982362488286,279.9982582000347,279.99779821873,0.15844277355578787,166.54201764089143
1130.0,279.9985501582742,279.99849583679634,279.99851778857897,279.9980578314331,0.15828800499993942,166.54201764089143
1140.0,279.9989168145144,279.99886249260754,279.99888444449766,279.9984245213777,0.15816219683719254,167.0532439789868
1150.0,279.99930530828965,279.9992509869981,279.9992729385623,279.99881305146073,0.15819443057951638,167.0532439789868
1160.0,279.9996533183577,279.99959899843464,279.9996209493674,279.9991610944844,0.15822076046622055,167.82629672407853
1170.0,279.9998780589567,279.9998237408202,279.9998456909606,279.9993858568763,0.15844560145236639,167.82629672407853
1180.0,279.999922576299,279.9998682598588,279.99989020926245,279.99943037926164,0.15862863370534663,166.5061312083335
1190.0,279.9999781381975,279.99992382312786,279.9999457719446,279.9994859469921,0.1584300654596936,166.5061312083335
1200.0,280.00018264750906,280.00012833383573,280.0001502820623,279.9996904759604,0.15826826277475473,168.30183223911786
1210.0,280.0002950632865,280.00024075116204,280.00026269873916,279.9998029030315,0.15860924394426132,168.30183223911786
1220.0,280.0001435080128,280.00008919701975,280.00011114413263,279.9996513343624,0.15888700284247148,167.1501601329648
1230.0,279.9999197025286,279.99986539189103,279.99988733887415,279.999427508319,0.15880984476321855,167.1501601329648
1240.0,279.99976383802766,279.99970952721014,279.9997314742893,279.9992716292755,0.15874680184277537,167.08554892574296
1250.0,279.99966961781615,279.9996153065578,279.9996372538396,279.9991774000944,0.1586785130782349,167.08554892574296
1260.0,279.9996311078021,279.9995767960452,279.99959874354875,279.99913888624343,0.1586229496834047,167.0971307169321
1270.0,279.99963503540806,279.99958072322767,279.9996026709165,279.99914281398526,0.15858080309570535,167.0971307169321
1280.0,279.9996708149263,279.99961650246826,279.9996384502758,279.9991785966675,0.15854652555583787,167.06817579360848
1290.0,279.9997345078586,279.99968019530826,279.999702143154,279.99924229544695,0.1585110263172378,167.06817579360848
1300.0,279.9998225817412,279.9997682693052,279.99979021709913,279.999330377545,0.15848214758776133,167.74629682929196
1310.0,279.9998509710294,279.9997966588528,279.9998186065355,279.9993587696271,0.1586371235295386,167.74629682929196
1320.0,279.9997603565189,279.99970604445645,279.99972799209104,279.9992681468021,0.15876333823737626,166.95457523170117
1330.0,279.99966865315884,279.9996143409231,279.9996362886329,279.9991764348351,0.1586576354723023,166.95457523170117
1340.0,279.9996611334314,279.99960682094667,279.9996287687628,279.999168914265,0.15857146710159373,167.16085990453155
1350.0,279.9996956391623,279.9996413265329,279.99966327441024,279.9992034231145,0.1585556703392308,167.16085990453155
1360.0,279.9997406921196,279.99968637947643,279.9997083273577,279.9992484802366,0.15854287114994664,167.21177189740428
1370.0,279.99978777246616,279.999733459926,279.9997554077622,279.9992955650001,0.15854585990771072,167.21177189740428
1380.0,279.9998306503833,279.9997763380336,279.9997982857865,279.9993384469903,0.15854830282695512,167.19815016692422
1390.0,279.9998714906965,279.99981717859555,279.99983912624253,279.9993792912183,0.15854670483655917,167.19815016692422
1400.0,279.9999118820278,279.9998575702172,279.99987951774256,279.9994196864454,0.15854540191153332,167.14630002500232
1410.0,279.99995758201703,279.99990327053473,279.9999252179218,279.9994653908397,0.15853069659594074,167.14630002500232
1420.0,280.00001260169154,279.999958290588,279.9999802378165,279.9995204158102,0.15851872415950682,166.80869053710626
1430.0,280.0001133324283,280.00005902179487,280.00008096882755,279.99962115611214,0.1584201382174327,166.80869053710626
1440.0,280.0002849623356,280.0002306524058,280.0002525991428,279.99979280228024,0.15833988286821749,167.7404153485039
1450.0,280.00040332346873,280.0003490144791,280.0003709608218,279.9999111749087,0.1585198129697136,167.7404153485039
1460.0,280.0003799395631,280.00032563140695,280.0003475774049,279.99988778930293,0.15866636981164872,166.4412004670989
1470.0,280.00039566684444,280.0003413592622,280.0003633050285,279.9999035183078,0.15844364952375525,166.4412004670989
1480.0,280.00058030921593,280.00052600233937,280.00054794781755,280.0000881781318,0.1582622070051426,168.06744731222267
1490.0,280.00070809857044,280.0006537926985,280.00067573776073,280.00021597990883,0.15854262167796518,168.06744731222267
1500.0,280.00061727443074,280.00056296936225,280.0005849140975,280.00012514781986,0.15877106811964703,166.7602116145939
1510.0,280.0005070278917,280.00045272313497,280.0004746677548,280.0000148912061,0.1586128457491012,166.7602116145939
1520.0,280.00052173825577,280.00046743363555,280.00048937821254,280.00002960298724,0.1584838387501133,167.47648961264713
1530.0,280.0005514343706,280.0004971299485,280.00051907445305,280.0000593019766,0.1585674194852474,167.47648961264713
1540.0,280.00051626844765,280.0004619641672,280.0004839086218,280.0000241328848,0.15863556858784017,167.5042083886559
1550.0,280.00042759372934,280.0003732894036,280.0003952338874,279.9999354499399,0.1586982951913668,167.5042083886559
1560.0,280.0002949046136,280.00024059997816,280.00026254460226,279.9998027483776,0.1587493254158419,168.6150408261641
1570.0,280.0000012473012,279.9999469419491,279.9999688868846,279.99950906353774,0.15908320661166805,168.6150408261641
1580.0,279.9994662025349,279.99941189559615,279.9994338412119,279.9989739684073,0.15935513852881328,167.2302155293884
1590.0,279.99890584155224,279.99885153197647,279.9988734787143,279.9984135540884,0.15921191264307102,167.2302155293884
1600.0,279.9984771689095,279.99842285609606,279.9984448042018,279.99798483999854,0.15909502585798457,166.87370483831359
1610.0,279.99819553619756,279.99814122000333,279.99816316952393,279.99770317937276,0.15890607477781127,166.87370483831359
1620.0,279.9980688134324,279.99801449413326,279.99803644493943,279.9975764431958,0.1587522596768975,165.1116537548039
1630.0,279.9982668103725,279.9982124886914,279.9982344404652,279.99777445711396,0.15816340585120156,165.1116537548039
1640.0,279.9989051390204,279.99885081655043,279.9988727686066,279.99841284439697,0.15768417617513283,168.15073939555882
1650.0,279.9995317713464,279.99947744995706,279.9994994015013,279.9990395354134,0.15809427147321542,168.15073939555882
1660.0,279.99982004904325,279.99976572957274,279.9997876802631,279.99932784087804,0.15842838824113523,165.98911286626722
1670.0,280.0000914796919,280.00003716228,280.00005911207415,279.99959929770074,0.15813123301782941,165.98911286626722
1680.0,280.00057843481846,280.000524119946,280.00054606865126,280.0000862992391,0.15788911179586856,168.09400156928376
1690.0,280.0009871222676,280.0009328105553,280.00095475791926,280.0004950262831,0.15824614298744125,168.09400156928376
1700.0,280.0011071037794,280.0010527951353,280.00107474121324,280.00061502058173,0.15853693842255714,165.86919299786717
1710.0,280.0012573165024,280.001203010458,280.0012249554609,280.0007652485378,0.15818793502500889,165.86919299786717
1720.0,280.00166740567744,280.00161310235626,280.0016350462373,280.00117537710577,0.15790362681011127,170.10740122451966
1730.0,280.0017887613917,280.0017344610185,280.00175640368667,280.0012967457831,0.15878774437322485,170.10740122451966
1740.0,280.00123315816296,280.00117885948407,280.00120080148264,280.00074109210203,0.15950789547323813,166.96428669764194
1750.0,280.0005151986721,280.0004608995849,280.00048284181184,280.0000230658417,0.15926659267391907,166.96428669764194
1760.0,280.0000100180081,279.99995571713583,279.999977660168,279.9995178374075,0.1590694613868191,167.0572097028762
1770.0,279.9996642236109,279.99960992033937,279.9996318644215,279.99917200969287,0.15893351111834092,167.0572097028762
1780.0,279.9994356388824,279.9993813330612,279.99940327823896,279.99894340242787,0.15882292224145306,166.8205437607726
1790.0,279.9993275127582,279.99927320454753,279.99929515073745,279.9988352650013,0.158670666172463,166.8205437607726
1800.0,279.9993394621889,279.99928515201856,279.99930709902657,279.9988472144835,0.15854676001343757,166.91867453399834
1810.0,279.99943376116124,279.99937944961187,279.99940139718166,279.9989415214487,0.158471806876318,166.91867453399834
1820.0,279.9995811506032,279.99952683828326,279.9995487861528,279.99908892412424,0.15841087179544536,167.49683730313282
1830.0,279.9997022837536,279.99964797118884,279.9996699191351,279.99921006838014,0.15851346895909393,167.49683730313282
1840.0,279.9997403927691,279.9996860802006,279.9997080281257,279.99924818093234,0.15859704799791655,166.74158715052752
1850.0,279.99980035885454,279.999746046366,279.9997679942384,279.99930815258733,0.15846626310754888,166.74158715052752
1860.0,279.9999574350355,279.99990312288173,279.9999250705972,279.9994652434761,0.1583597181948335,167.6175704180648
1870.0,280.00008823685874,280.0000339253574,280.0000558727842,279.9995960577845,0.1585035992405683,167.6175704180648
1880.0,280.00010418169757,280.0000498708694,280.0000718180034,279.99961200447285,0.15862082333939834,166.9434326036248
1890.0,280.00010799183104,280.0000536815145,280.000075628431,279.99961581521353,0.15853874988407804,166.9434326036248
1900.0,280.00017414930807,280.0001198394803,280.0001417861918,279.9996819790669,0.15847183691589375,167.4624263596225
1910.0,280.00022872093143,280.00017441165375,280.00019635813464,279.99973655605163,0.15855400072327228,167.4624263596225
1920.0,280.00021853250024,280.0001642236979,280.00018616998244,279.9997263669396,0.1586209498441827,167.21533519486593
1930.0,280.00018633435917,280.0001320258598,280.00015397202384,279.99969416597486,0.15861037481701074,167.21533519486593
1940.0,280.00016353630474,280.0001092279742,280.000131174074,279.99967136589737,0.15860171474309484,167.29993972235312
1950.0,280.00013851302185,280.0000842047685,280.00010615084216,279.9996463403411,0.15861693703409857,167.29993972235312
1960.0,280.000102930509,280.00004862224074,280.0000705683268,279.99961075452734,0.1586293385711045,166.6903307358844
1970.0,280.00012951782594,280.00007520951067,280.0000971556223,279.99963734425864,0.15847899027354903,166.6903307358844
1980.0,280.0002694058332,280.00021509769385,280.00023704373376,279.9997772453006,0.15835656757305624,167.99613100394922
1990.0,280.00034631686253,280.0002920091838,280.0003139550297,279.99985416374255,0.15860064999531054,167.99613100394922
2000.0,280.0002344066141,280.00018009923235,280.00020204495644,279.99974224331635,0.15879948226884974,166.86206004972124
2010.0,280.0001065085401,280.0000522010375,280.00007414681954,279.99961433330503,0.15866274765712843,166.86206004972124
2020.0,280.00008790871993,280.0000336009569,280.00005554685515,279.99959573160675,0.15855125527766847,166.90845102924177
2030.0,280.00014942788795,280.0000951199842,280.000117065945,279.9996572563887,0.15847278224059527,166.90845102924177
2040.0,280.0002680609332,280.000213753145,280.00023569905665,279.9997759004766,0.15840897212157648,167.7619575606273
2050.0,280.0003321063639,280.00027779892565,280.0002997446871,279.99983995205594,0.15858169324605625,167.7619575606273
2060.0,280.0002621492766,280.0002078420911,280.00022978774643,279.999769988644,0.15872237609509218,166.52340035924223
2070.0,280.00023067516815,280.00017636799555,280.00019831364807,279.99973851158927,0.15851084180217825,166.52340035924223
2080.0,280.0003614841525,280.00030717712593,280.000329122719,279.9998693327423,0.15833850138931044,167.98627350915567
2090.0,280.000449539224,280.0003952326466,280.00041717805084,279.99995739625336,0.15858332375622378,167.98627350915567
2100.0,280.0003477088786,280.0002934026149,280.0003153478891,279.99985555667274,0.1587827921392738,166.93138331618687
2110.0,280.0437335271967,280.04974022862774,281.3325248020332,280.47383383035464,0.15866741350995223,166.93138331618687
2120.0,280.15982579270104,280.1804146456496,282.4526881843779,280.92952055688596,0.15857331129082342,167.40284354125433
2130.0,280.32965030990505,280.3691984538195,283.40390327726067,281.366169796003,0.15862084938528695,167.40284354125433
2140.0,280.5384327026865,280.5986077115916,284.2208145408672,281.7845770226783,0.15865962759420751,775.2672337672899
2150.0,280.7177510304267,280.7985093173113,284.8734438881432,282.12855936250776,0.3202587099333922,775.2672337672899
2160.0,280.8458230671276,280.9460958394382,285.3699169738128,282.3859610092778,0.4607485122295573,763.3121128612548
2170.0,280.94959659729534,281.0677537530767,285.7604502238534,282.5913020796933,0.5846670598909621,763.3121128612548
2180.0,281.0393575136733,281.173514571369,286.07343380878166,282.76081995454473,0.6991003901399903,799.999432194678
2190.0,281.1186509742901,281.26686620089913,286.32649979154655,282.9027371193684,0.8157270040369268,799.999432194678
2200.0,281.1892898844821,281.34968553101095,286.53242268115144,283.0225421955155,0.9255277420591228,800.0000054847069
2210.0,281.25285439415006,281.42368623618626,286.7013127778805,283.12470364873144,1.0295150375718027,800.0000054847069
2220.0,281.31027555887056,281.489967879996,286.84073953288237,283.2124218075135,1.1284195016213896,799.9983776852923
2230.0,281.362163097049,281.54932115453596,286.9564791261164,283.2880890974978,1.222793538691592,799.9983776852923
2240.0,281.40896473830094,281.6023730796166,287.0530004042353,283.35355356122847,1.313071348162743,799.9999938677877
2250.0,281.4510454641488,281.6496578346929,287.13379819830624,283.4102800033827,1.3996038100207364,799.9999938677877
2260.0,281.44512991602227,281.64198245945096,285.8680746862908,282.9848821938044,1.4826805691661755,799.9988405913718
2270.0,281.36252030650627,281.5483431491986,284.80512663557306,282.57177717273623,1.5625462435399369,799.9988405913718
2280.0,281.22239408359064,281.3921806959698,283.9020931495409,282.17196514880175,1.6394113806557036,799.9989997286192
2290.0,281.03973778030183,281.1912946923999,283.1257037024055,281.78528462213274,1.7134591146173854,799.9989997286192
2300.0,280.8262458109469,280.9591794294467,282.4501133240267,281.4115167992564,1.7848508028438717,800.0000079991153
2310.0,280.5910268833788,280.70604407773635,281.8552269730495,281.0504025845279,1.8537304464692346,800.0000079991153
2320.0,280.34115910966295,280.4395915908045,281.3254024105409,280.7016548776392,1.9202270263669978,800.000007975593
2330.0,280.08212630705435,280.16561344724823,280.84844614197385,280.36496756973054,1.984457619000551,800.000007975593
2340.0,279.8181609551804,279.88844379110265,280.41483623708604,280.0400221832058,2.046529025550754,347.6254908034904
2350.0,279.554171465007,279.6129638832495,280.0187784396705,279.72815063511894,2.0039266501227915,347.6254908034904
2360.0,279.29412304420987,279.34303582926503,279.65590947064095,279.43050770190314,1.9621387157047032,246.29206456139087
2370.0,279.04007116366193,279.08057162100897,279.3218034694593,279.1469405620207,1.8977054619324663,246.29206456139087
2380.0,278.7936500561771,278.82704504035024,279.0130505410629,278.877348572829,1.8343449478375038,8.497929568930948e-8
2390.0,278.5569468957671,278.58438074909327,278.7278120297958,278.62245618872197,1.713763730666582,8.497929568930948e-8
2400.0,278.3320166121532,278.3544781620258,278.46508724159304,278.3832480468371,1.5944354538128407,0.009949980669038197
2410.0,278.11966827850256,278.1380029137544,278.2233068130507,278.15969258848816,1.476509912249592,0.009949980669038197
2420.0,277.92063798594955,277.93556217183976,278.00135540994256,277.9518657923228,1.360157044700234,0.0005791078591453146
2430.0,277.7356454621903,277.74776198489565,277.79851149623005,277.75996908777483,1.2455772291336078,0.0005791078591453146
2440.0,277.56544682639225,277.5752597033691,277.61440916468257,277.5843516924764,1.1330125924303092,4.701964026610915e-5
2450.0,277.41088649648725,277.4188149311216,277.4490192892463,277.4255386185188,1.0227479693889676,4.701964026610915e-5
2460.0,277.2729506476907,277.2793417035198,277.30264792089855,277.28426535308404,0.9151237005618622,3.5696911185331714e-5
2470.0,277.1528235324897,277.1579633969544,277.17594975463754,277.16151942773695,0.8105472280418847,3.5696911185331714e-5
2480.0,277.0519468175074,277.0560706486398,277.06995411383815,277.05858816980646,0.7095071323031494,8.418240620129127e-6
2490.0,276.9720789680161,276.9753793919333,276.98609837511805,276.9771089885712,0.6125880762019997,8.418240620129127e-6
2500.0,276.915345773728,276.91798014203255,276.92625828761334,276.9191127561702,0.5204846357280265,0.0012921228880007074
2510.0,276.8842621144286,276.88635864980586,276.8927540093675,276.88703996103135,0.43400937504688514,0.0012921228880007074
2520.0,276.88168734248126,276.8833503057591,276.8882932451425,276.8836916780866,0.3540841214037407,4.532818508092701e-7
2530.0,276.91065279657704,276.9119668045476,276.9157892274336,276.9120536055766,0.28170225402978993,4.532818508092701e-7
2540.0,276.9739821754097,276.97501578960583,276.9779736680869,276.97491368629943,0.21784004688951553,5.807775117798106e-7
2550.0,277.0736501135429,277.0744588083108,277.0767495547383,277.0742184905109,0.1633000111444061,5.807775117798106e-7
2560.0,277.2099437168089,277.2105723222851,277.21234818513943,277.2102329980966,0.11850233393676692,7.400151986027351e-7
2570.0,277.38071415293206,277.38119885633506,277.3825772518043,277.38079080376866,0.08328907784357768,7.400151986027351e-7
2580.0,277.5811743566637,277.58154433467496,277.5826158163077,277.58109076994856,0.05685133692527485,1.0554529316243039e-6
2590.0,277.80453378357936,277.8048125296876,277.80564693676075,277.80433102867715,0.03785448008462287,1.0554529316243039e-6
2600.0,278.043251001681,278.04345740428664,278.0441086048593,278.0429610545485,0.024717646055632293,0.0022470689921033904
2610.0,278.2902964727087,278.29044569141723,278.2909552404157,278.2899440668433,0.015909044449398436,0.0022470689921033904
2620.0,278.5399361216003,278.54004030046156,278.54044026006835,278.5395402837403,0.01013659554615255,0.0009061384524285954
2630.0,278.7879490156122,278.78801786405916,278.78833297761986,278.7875243179845,0.00641448347311338,0.0009061384524285954
2640.0,279.0314701133929,279.0315113791212,279.0317607465196,279.0310276732015,0.004040978958115883,0.007021053328018612
2650.0,279.26868734142846,279.26870719465626,279.2689055634661,279.268235605113,0.002539874942527506,0.007021053328018612
2660.0,279.4985420800805,279.4985454250437,279.4987041856932,279.4980874326256,0.0015940526483408121,103.78947926420673
2670.0,279.69574840802284,279.6957391126335,279.69586707509876,279.6952933493952,0.025867690423304817,103.78947926420673
2680.0,279.8513720271161,279.8513530691407,279.85145707870646,279.85091696757564,0.04204417031746322,281.142622877945
2690.0,279.94863543563605,279.94860907868633,279.94869446628564,279.94817826336066,0.09790998383175015,281.142622877945
2700.0,279.98654663992573,279.98651452990146,279.9865854785779,279.9860843404996,0.14006873430521372,194.9558190731144
2710.0,279.99825918063203,279.9982225291841,279.9982823114799,279.9977912181858,0.15090849563652148,194.9558190731144
2720.0,280.0009957153084,280.0009554561137,280.0010066127166,280.00052272708507,0.15965320539503114,214.3231852026851
2730.0,279.9948388435265,279.99479570285365,279.99484020332056,279.9943611467399,0.1718753986212298,214.3231852026851
2740.0,279.9801094708322,279.9800640075217,279.9801033812893,279.9796271531034,0.18190913630842032,177.34998973263455
2750.0,279.9628481742687,279.96280082092517,279.9628362545,279.96236168306575,0.18040651485913312,177.34998973263455
2760.0,279.9473393727322,279.9472904767167,279.9473228852094,279.9468494071557,0.1791626945758805,177.06756143399872
2770.0,279.9333651595577,279.9333150025262,279.9333450904628,279.932872284491,0.17805928157541093,177.06756143399872
2780.0,279.92073780927825,279.92068661960536,279.92071492924384,279.92024248259804,0.17714755820116254,156.94362738269416
2790.0,279.9114390017438,279.91138696646,279.9114139142465,279.91094179456945,0.1710691306998533,156.94362738269416
2800.0,279.90691562110976,279.9068629000763,279.9068888028027,279.90641718831614,0.16607056290925234,146.95785156045957
2810.0,279.90739593681485,279.9073426684578,279.9073677658314,279.9068969139625,0.15934313388582313,146.95785156045957
2820.0,279.91294968373626,279.9128959905208,279.91292046221537,279.9124506827045,0.15386316850208195,144.801386281734
2830.0,279.9227737882305,279.9227197781516,279.92274375820875,279.92227532149343,0.14885440009903986,144.801386281734
2840.0,279.93615075840773,279.9360965262178,279.9361201141649,279.93565325171437,0.144812712222333,139.70922762340263
2850.0,279.952854525425,279.9528001537972,279.9528234231669,279.9523583665773,0.14022952503090833,139.70922762340263
2860.0,279.97262302342585,279.9725685853742,279.9725915896518,279.9721285630948,0.13656123200038503,145.42344483330572
2870.0,279.99390019046655,279.9938457490378,279.99386852721415,279.9934076239195,0.13512960540594054,145.42344483330572
2880.0,280.0155044691118,280.0154500755323,280.01547265708615,280.01501387069965,0.1339899611669924,155.10430645343504
2890.0,280.035944332388,280.0358900261835,280.0359124342643,280.0354556288217,0.1356131514365862,155.10430645343504
2900.0,280.05419772423363,280.0541435316483,280.0541657862551,280.0537107369989,0.136905382838344,183.3209256648947
2910.0,280.06711657051596,280.0670625042388,280.06708462426764,280.0666308213907,0.1453224301138894,183.3209256648947
2920.0,280.0727621301462,280.0727081830876,280.07273019048927,280.0722769473699,0.1520801813531851,231.3543881623869
2930.0,280.0674070035917,280.06735315021393,280.06737507054197,280.0669213611735,0.17019403294922578,231.3543881623869
2940.0,280.04910035284774,280.0490465416015,280.0490684081274,280.0486130265854,0.18503279097569836,146.4627632462498
2950.0,280.0301092342653,280.0300554060451,280.03007725244845,280.0296201284833,0.17480906490660703,146.4627632462498
2960.0,280.0191808556758,280.0191269783524,280.0191488245103,280.0186907029543,0.16637298475575618,182.37351185224074
2970.0,280.0108788451302,280.0108249081199,280.010846763114,280.0103878866689,0.16893705672865925,182.37351185224074
2980.0,280.00104485028237,280.0009908446152,280.00101271575437,280.00055294049474,0.17103978232995753,122.36988998217771
2990.0,279.9967764858218,279.9967224071839,279.9967442989328,279.99628413627966,0.15692066282503722,122.36988998217771
3000.0,280.00347203433626,280.0034179028676,280.00343980857787,280.0029802725787,0.14543321784340202,209.93060846364608
3010.0,280.0084790443389,280.0084248904635,280.00844679875627,280.007987734977,0.15916312566042817,209.93060846364608
3020.0,280.00286376714615,280.0028095939637,280.00283150498933,280.0023719273949,0.17031548327789847,142.81265500522184
3030.0,279.99674342951624,279.9966892236836,279.996711144314,279.99625100257816,0.16172151207241794,142.81265500522184
3040.0,279.99731807629087,279.9972638389266,279.99728576948314,279.9968256836448,0.15470548864204045,203.18875554663592
3050.0,279.9962499979904,279.9961957384264,279.99621767554584,279.99575749554486,0.16490426578829884,203.18875554663592
3060.0,279.9876623804705,279.9876080911406,279.9876300386251,279.98716906725514,0.17323237409118877,164.71010682087527
3070.0,279.9776007206188,279.9775463834896,279.9775683494538,279.97710644875644,0.16989985285179518,164.71010682087527
3080.0,279.97037095213403,279.9703165571155,279.9703385460742,279.9698759789149,0.1671628187988613,188.00907250583074
3090.0,279.9628607975781,279.9628063407949,279.9628283545022,279.96236509614397,0.17107325019321876,188.00907250583074
3100.0,279.95282734981134,279.9527728234997,279.95279486533843,279.9523306821636,0.17428497387820233,147.01174389914422
3110.0,279.94537145215486,279.9453168488718,279.94533892202304,279.9448740513336,0.16608728205470943,147.01174389914422
3120.0,279.94426393351455,279.9442092606302,279.94423136187584,279.9437663918545,0.1593710001997721,131.4377545730069
3130.0,279.950114736648,279.9500600153386,279.9500821355891,279.9496177094904,0.14980205025053528,131.4377545730069
3140.0,279.96325009333503,279.96319535818355,279.9632174827173,279.9627542741423,0.1420696211841053,149.56843714966107
3150.0,279.97985335277247,279.97979864436485,279.9798207560591,279.97935908542445,0.14061396746395366,149.56843714966107
3160.0,279.9969674968612,279.99691285027586,279.9969349345404,279.99647484728075,0.13944893360114036,157.44369510325433
3170.0,280.0133541497198,280.0132995922283,280.0133216379162,280.0128630654001,0.14057913739661537,157.44369510325433
3180.0,280.0281494894446,280.0280950388672,280.02811703891746,280.0276598324077,0.14148335607311766,177.16090176192412
3190.0,280.0391848832162,280.0391305477264,280.03915249918776,280.03869631044046,0.14737599496062262,177.16090176192412
3200.0,280.0450873223018,280.0450330962059,280.0450550020005,280.04459935507407,0.15211767008337357,174.25499042401583
3210.0,280.0473930271733,280.04733889544485,280.0473607623558,280.04690532411996,0.15518582915157517,174.25499042401583
3220.0,280.0472420384066,280.0471879822904,280.047209818537,280.04675436199744,0.1576730258978754,172.6717358593814
3230.0,280.0453830598694,280.0453290597425,280.0453508737717,280.0448952414024,0.15927670560636198,172.6717358593814
3240.0,280.0423849669668,280.0423310042756,280.04235280395693,280.04189689108205,0.16058156936614593,177.98893152603702
3250.0,280.0379209676546,280.03786702506676,280.0378888176619,280.0374324895756,0.16304638336136057,177.98893152603702
3260.0,280.0317990777178,280.0317451376992,280.0317669304988,280.0313100344706,0.16505806368209708,163.40113846692586
3270.0,280.02607507215265,280.0260211190384,280.02604291848274,280.02558549158294,0.16285301425785667,163.40113846692586
3280.0,280.0222314281947,280.022177453459,280.0221992628967,280.0217414800474,0.16105256042892407,167.8229137926283
3290.0,280.0193930688715,280.0193390695496,280.0193608899672,280.01890284491617,0.16075018813884953,167.8229137926283
3300.0,280.01689821946405,280.01684419461037,280.0168660261772,280.01640775096894,0.16050378996347212,168.82688344992096
3310.0,280.0145760669929,280.0145220165367,280.0145438590949,280.01408536991596,0.16056765556678446,168.82688344992096
3320.0,280.0123005067125,280.0122464308003,280.0122682841414,280.01180958539743,0.16061968815166178,163.91874025220704
3330.0,280.0106405102605,280.0105864096176,280.0106082733168,280.010149421863,0.1593685548335479,163.91874025220704
3340.0,280.00999557783837,280.0099414552964,280.0099633280538,280.0095044179155,0.15835009449604512,161.72426184598564
3350.0,280.010405271071,280.0103511312358,280.0103730110277,280.0099141396783,0.1569438760342767,161.72426184598564
3360.0,280.01187326288624,280.0118191120154,280.0118409961439,280.0113822614115,0.15580152338982065,161.72612260927767
3370.0,280.0141584213589,280.01410426656605,280.0141261520063,280.0136676292989,0.15487496327010497,161.72612260927767
3380.0,280.01706454238933,280.01701039092774,280.0170322746292,280.0165740211368,0.15412366335534036,165.5204143803681
3390.0,280.019987124507,280.0199329829171,280.0199548621608,280.019496879247,0.1545129759190181,165.5204143803681
3400.0,280.0224899490285,280.0224358216582,280.0224576946872,280.02199994316356,0.15482849572653037,165.92879093246293
3410.0,280.02459962983164,280.0245455190908,280.0245673849769,280.02410982823613,0.15519173816697449,165.92879093246293
3420.0,280.0263435957457,280.0262895025619,280.0263113610026,280.02585396503514,0.15548630537455485,172.9284164927973
3430.0,280.0269752089164,280.0269211324976,280.02694298391435,280.026485645943,0.15756768905185597,172.9284164927973
3440.0,280.02599346088493,280.0259393968936,280.0259612432062,280.02550381381985,0.15925866630016558,182.67391668107456
3450.0,280.02265893664617,280.0226048773083,280.0226267218736,280.0221689837904,0.16320330287376172,182.67391668107456
3460.0,280.0165172468268,280.01646317929647,280.01648502760054,280.01602672117804,0.166422554875734,178.47459717587748
3470.0,280.0087200148439,280.00866592363144,280.00868778222605,280.0082287545504,0.16794797401026468,178.47459717587748
3480.0,280.000123765106,280.00006963549527,280.0000915105319,279.9996316883154,0.16919810355819612,160.01124464488652
3490.0,279.9930117850438,279.9929576057626,279.9929795018663,279.99251902245817,0.16534643432203497,160.01124464488652
3500.0,279.9890384550415,279.9889842240164,279.98900614184714,279.9885452964569,0.1621943823960396,168.8199506500226
3510.0,279.98658306168943,279.9865287832681,279.9865507207733,279.98608965048413,0.1619440620093349,168.8199506500226
3520.0,279.98441547037055,279.9843611495702,279.98438310447955,279.98392183581154,0.16173987707361787,156.6103065073699
3530.0,279.983885582706,279.98383122527497,279.9838531950562,279.9833918789844,0.15835511053023563,156.6103065073699
3540.0,279.98595019297903,279.98589580922857,279.9859177894378,279.9854566660157,0.15560144354200534,168.54816609676303
3550.0,279.98865053987134,279.98859614216013,279.9886181275419,279.9881572557182,0.156508079594607,168.54816609676303
3560.0,279.99054633252484,279.99049192949104,279.9905139164452,279.99005322115573,0.1572440961411033,162.32924411581865
3570.0,279.9925240971684,279.99246969440435,279.9924916806631,279.99203116883604,0.1562045669100666,162.32924411581865
3580.0,279.9952182188924,279.99516382208606,279.9951858053405,279.9947255430356,0.15536067679547425,167.71910911191551
3590.0,279.99782190446916,279.99776751899583,279.9977894970741,279.9973294758497,0.1560945086723871,167.71910911191551
3600.0,279.9997564172364,279.999702046014,279.9997240178004,279.99926417539314,0.15669004065907666,166.1658664738325
3610.0,280.00133656398646,280.0012822079838,280.0013041731833,280.0008444765359,0.15676466306760814,166.1658664738325
3620.0,280.00279515976507,280.00274081925613,280.0027627778506,280.0023032156174,0.15682526227780844,166.95031743738053
3630.0,280.0040568472438,280.0040025220878,280.0040244742149,280.00356502813884,0.15708100763913244,166.95031743738053
3640.0,280.00507164328053,280.005017332785,280.0050392788017,280.0045799259884,0.15728874470201198,169.2060056197458
3650.0,280.0056253518434,280.0055710547035,280.0055929952149,280.0051336930666,0.15805151381091387,169.2060056197458
3660.0,280.00557582844544,280.00552154222555,280.0055434783007,280.0050841709913,0.15867157339469415,170.2466461387583
3670.0,280.00493778513317,280.00488350654956,280.00490543960376,280.00444607277524,0.15945005751666436,170.2466461387583
3680.0,280.00373642361205,280.0036821486623,280.0037040803986,280.0032446020227,0.16008364640729408,171.87538460483017
3690.0,280.0019194380793,280.00186516229974,280.0018870946009,280.0014274479161,0.16102887351177672,171.87538460483017
3700.0,279.99946542072183,279.9994111390429,279.99943307403254,279.99897320024985,0.16179918096749066,167.13495091396334
3710.0,279.99707284738605,279.9970185550017,279.99704049467283,279.99658039951623,0.16117747025876478,167.13495091396334
3720.0,279.99524530801546,279.9951910022434,279.99521294766566,279.9947526836953,0.1606706458255501,161.2281864668948
3730.0,279.9945514232274,279.9944971038091,279.99451905501445,279.99405872709,0.15870108035169722,161.2281864668948
3740.0,279.99538105270597,279.9953267230056,279.9953486784876,279.99488842773343,0.15709855905922523,167.07503327953384
3750.0,279.9967219036616,279.99666756896914,279.99668952642935,279.99622940031435,0.15733584143740192,167.07503327953384
3760.0,279.9978269231199,279.99777258750754,279.9977945452079,279.9973345216725,0.15752862417653293,166.45542984854927
3770.0,279.99881153854443,279.9987572047172,279.9987791615276,279.9983192292309,0.15752211681868125,166.45542984854927
3780.0,279.9997609518051,279.9997066217126,279.9997285768349,279.99926873239724,0.157516828828865,170.98137276101698
3790.0,280.0001525094644,280.0000981840765,280.00012013713575,279.99966032900016,0.1587044697417522,170.98137276101698
3800.0,279.9996263250358,279.99957200304567,279.9995939546404,279.99913409775945,0.15967039665046395,162.01191324648582
3810.0,279.9994213896915,279.9993670690265,279.99938902006613,279.99892914384503,0.1580933758127682,162.01191324648582
3820.0,280.0004249228446,280.0003706042914,280.000392554441,279.99993277087566,0.15681097568183444,176.05430247694915
3830.0,280.0007414013835,280.0006870867244,280.00070903522874,280.00024928125913,0.15946684883194367,176.05430247694915
3840.0,279.99903422871586,279.9989799151902,279.99900186325254,279.99854195138073,0.1616279035189536,162.1779434474146
3850.0,279.997354110655,279.9972997931922,279.9973217429843,279.9968616752487,0.15973116561279935,162.1779434474146
3860.0,279.99717662375144,279.9971223011145,279.99714425313374,279.9966841689175,0.15818656200101636,169.08009507884069
3870.0,279.99738362721394,279.9973293009827,279.9973512545199,279.99689118977074,0.15874822803176566,169.08009507884069
3880.0,279.9971558072501,279.9971014781644,279.9971234328872,279.99666334726834,0.1592050937395874,155.60644502471928
3890.0,279.9981465018592,279.9980921709169,279.9981141263887,279.9976541321305,0.15602790728609361,155.60644502471928
3900.0,280.0015342325906,280.001479905758,280.00150185941595,280.00104217846365,0.1534483602669275,173.6898333527178
3910.0,280.0046547803616,280.0046004655439,280.00462241403073,280.00416302217144,0.1561150818143873,173.6898333527178
3920.0,280.0056021372364,280.0055478364783,280.00556977899134,280.00511047460304,0.1582787198414894,167.51738417005225
3930.0,280.0055756074288,280.00552131829426,280.00554325594555,280.00508394849044,0.1584115492992795,167.51738417005225
3940.0,280.0054491945205,280.0053949142093,280.0054168482389,280.0049575285625,0.15851956921772137,169.6103352853387
3950.0,280.0050047967625,280.0049505226792,280.0049724542141,280.004513093057,0.15915875941431185,169.6103352853387
3960.0,280.0040940811868,280.0040398102446,280.00406174060447,280.0036022948824,0.15967886092974704,169.41541828330276
3970.0,280.0028494786506,280.00279520748114,280.00281713809034,280.0023575770098,0.16005089068798722,169.41541828330276
3980.0,280.0013746781793,280.0013204035035,280.00134233573385,280.000882638129,0.16035384655879745,166.86653487123505
3990.0,280.0000232288645,279.9999689479141,279.999990882907,279.9995310602424,0.1599288619235828,166.86653487123505
4000.0,279.99904801106436,279.9989937224501,279.9990156607504,279.9985557480036,0.15958278361401898,166.86653487123505
