run_label,step_index,time,forecast_update_s,solve_tracking_mpc_s,step_total_s,status,objective,q_prev,q_apply
single,0,0.0,6.55e-5,0.0174968,0.0175674,LOCALLY_SOLVED,2.5553163141012192e-8,168.0,439.2213358577995
single,1,20.0,9.82e-5,0.0091565,0.0092575,LOCALLY_SOLVED,2.6426278054714203e-8,439.2213358577995,300.46034180246795
single,2,40.0,8.19e-5,0.009323,0.0094116,LOCALLY_SOLVED,2.7299392968416214e-8,300.46034180246795,48.16077503199846
single,3,60.0,0.0001262,0.0128047,0.0129345,LOCALLY_SOLVED,2.8114300221204758e-8,48.16077503199846,107.763046529247
single,4,80.0,5.68e-5,0.0081506,0.0082102,LOCALLY_SOLVED,2.9511284083127975e-8,107.763046529247,193.7961271732251
single,5,100.0,5.49e-5,0.0068032,0.006861,LOCALLY_SOLVED,2.9482180252671242e-8,193.7961271732251,194.20296243644233
single,6,120.0,5.19e-5,0.0070162,0.0070712,LOCALLY_SOLVED,2.954038791358471e-8,194.20296243644233,161.06987278796606
single,7,140.0,5.44e-5,0.0061824,0.006239,LOCALLY_SOLVED,2.954038791358471e-8,161.06987278796606,156.48902752412945
single,8,160.0,5.12e-5,0.0063095,0.0063637,LOCALLY_SOLVED,3.009336069226265e-8,156.48902752412945,167.66246302988222
single,9,180.0,5.38e-5,0.0067827,0.0068394,LOCALLY_SOLVED,3.018067218363285e-8,167.66246302988222,171.2132671099565
single,10,200.0,5.42e-5,0.0079495,0.0080076,LOCALLY_SOLVED,2.9831426218152046e-8,171.2132671099565,167.71158501066864
single,11,220.0,0.0001512,0.0077011,0.0078554,LOCALLY_SOLVED,2.9132934287190437e-8,167.71158501066864,165.85443964860514
single,12,240.0,5.22e-5,0.0077429,0.0077984,LOCALLY_SOLVED,3.0064256861805916e-8,165.85443964860514,166.83414473560586
single,13,260.0,5.27e-5,0.0074794,0.0075357,LOCALLY_SOLVED,3.0064256861805916e-8,166.83414473560586,167.6684388187423
single,14,280.0,5.47e-5,0.0074416,0.0074995,LOCALLY_SOLVED,2.9976945370435715e-8,167.6684388187423,167.44661171686803
single,15,300.0,6.36e-5,0.007445,0.0075116,LOCALLY_SOLVED,3.047171048820019e-8,167.44661171686803,167.10649495887742
single,16,320.0,0.0001049,0.0068349,0.0069439,LOCALLY_SOLVED,2.9831426218152046e-8,167.10649495887742,167.1326058795082
single,17,340.0,5.3e-5,0.0084786,0.0085361,LOCALLY_SOLVED,2.9278453439474106e-8,167.1326058795082,167.2607735240809
single,18,360.0,0.0001168,0.0087116,0.0088311,LOCALLY_SOLVED,2.907472662627697e-8,167.2607735240809,167.2719477173452
single,19,380.0,5.31e-5,0.0069934,0.0070492,LOCALLY_SOLVED,3.000604920089245e-8,167.2719477173452,167.22702555108964
single,20,400.0,5.27e-5,0.0067306,0.006786,LOCALLY_SOLVED,2.9831426218152046e-8,167.22702555108964,167.21570625234958
single,21,420.0,5.07e-5,0.0064388,0.006492,LOCALLY_SOLVED,2.986053004860878e-8,167.21570625234958,167.23025573467908
single,22,440.0,7.42e-5,0.007179,0.0072561,LOCALLY_SOLVED,3.023887984454632e-8,167.23025573467908,167.23672940166404
single,23,460.0,5.4e-5,0.0077372,0.0077947,LOCALLY_SOLVED,2.9889633879065514e-8,167.23672940166404,167.23247001059593
single,24,480.0,6.57e-5,0.0075904,0.0076591,LOCALLY_SOLVED,3.018067218363285e-8,167.23247001059593,167.22942294213084
single,25,500.0,6.74e-5,0.0072512,0.0073222,LOCALLY_SOLVED,2.971501089632511e-8,167.22942294213084,167.23048406792898
single,26,520.0,5.68e-5,0.0075636,0.0076238,LOCALLY_SOLVED,2.9831426218152046e-8,167.23048406792898,167.2317660265062
single,27,540.0,5.33e-5,0.0068574,0.0069134,LOCALLY_SOLVED,2.939486876130104e-8,167.2317660265062,167.2315860290349
single,28,560.0,5.26e-5,0.0072395,0.0072981,LOCALLY_SOLVED,2.9889633879065514e-8,167.2315860290349,167.231089668061
single,29,580.0,0.0001375,0.007568,0.0077086,LOCALLY_SOLVED,2.9423972591757774e-8,167.231089668061,167.231075205701
single,30,600.0,5.27e-5,0.0065204,0.0065752,LOCALLY_SOLVED,2.9831426218152046e-8,167.231075205701,167.23125381396787
single,31,620.0,5.38e-5,0.009645,0.009702,LOCALLY_SOLVED,3.0297087505459785e-8,167.23125381396787,167.23128790139407
single,32,640.0,5.33e-5,0.0066656,0.0067217,LOCALLY_SOLVED,2.9132934287190437e-8,167.23128790139407,167.23122829119347
single,33,660.0,5.83e-5,0.0072521,0.0073134,LOCALLY_SOLVED,2.9132934287190437e-8,167.23122829119347,167.2312062482959
single,34,680.0,5.2e-5,0.0062801,0.0063346,LOCALLY_SOLVED,2.9482180252671242e-8,167.2312062482959,167.23122442205505
single,35,700.0,5.15e-5,0.0096202,0.0096766,LOCALLY_SOLVED,2.994784153997898e-8,167.23122442205505,167.2312353895818
single,36,720.0,0.0001412,0.0108379,0.0109818,LOCALLY_SOLVED,3.064633347094059e-8,167.2312353895818,167.23123053398834
single,37,740.0,7.16e-5,0.0127138,0.0127902,LOCALLY_SOLVED,3.041350282728672e-8,167.23123053398834,167.2312257525287
single,38,760.0,0.0001297,0.0125053,0.0126394,LOCALLY_SOLVED,3.0297087505459785e-8,167.2312257525287,167.23122675119785
single,39,780.0,0.0001283,0.0112116,0.0113444,LOCALLY_SOLVED,3.0529918149113655e-8,167.23122675119785,167.23122865530794
single,40,800.0,9.63e-5,0.0097648,0.0098651,LOCALLY_SOLVED,3.0297087505459785e-8,167.23122865530794,167.23122859839202
single,41,820.0,6.02e-5,0.0121657,0.0122291,LOCALLY_SOLVED,3.018067218363285e-8,167.23122859839202,167.23122789530208
single,42,840.0,5.6e-5,0.0086942,0.0087546,LOCALLY_SOLVED,3.035529516637325e-8,167.23122789530208,167.2312278024764
single,43,860.0,9.27e-5,0.0095228,0.0096187,LOCALLY_SOLVED,3.079185262322426e-8,167.2312278024764,167.231228043759
single,44,880.0,5.47e-5,0.0070517,0.0071089,LOCALLY_SOLVED,3.041350282728672e-8,167.231228043759,167.2312281166948
single,45,900.0,5.22e-5,0.0071761,0.0072312,LOCALLY_SOLVED,3.003515303134918e-8,167.2312281166948,167.23122804035
single,46,920.0,5.17e-5,0.011596,0.0116514,LOCALLY_SOLVED,3.0762748792767525e-8,167.23122804035,167.23122800138043
single,47,940.0,0.0001456,0.0108867,0.0110365,LOCALLY_SOLVED,3.041350282728672e-8,167.23122800138043,167.23122802307878
single,48,960.0,0.0001254,0.0102008,0.010329,LOCALLY_SOLVED,3.041350282728672e-8,167.23122802307878,167.23122804084122
single,49,980.0,5.5e-5,0.00954,0.0095991,LOCALLY_SOLVED,3.041350282728672e-8,167.23122804084122,167.23122804084122
single,50,1000.0,0.0001214,0.0095371,0.0096622,LOCALLY_SOLVED,2.991873770952225e-8,167.23122804084122,167.23122802086934
single,51,1020.0,8.17e-5,0.009071,0.0091575,LOCALLY_SOLVED,3.041350282728672e-8,167.23122802086934,167.23122802086934
single,52,1040.0,0.0001403,0.0112829,0.011427,LOCALLY_SOLVED,3.012246452271938e-8,167.23122802086934,167.2312280466068
single,53,1060.0,8.77e-5,0.0080195,0.0081104,LOCALLY_SOLVED,3.087916411459446e-8,167.2312280466068,167.23122803221852
single,54,1080.0,6.77e-5,0.0070502,0.0071208,LOCALLY_SOLVED,3.041350282728672e-8,167.23122803221852,167.23122803221852
single,55,1100.0,9.41e-5,0.0078645,0.0079611,LOCALLY_SOLVED,3.0529918149113655e-8,167.23122803221852,167.23122802064543
single,56,1120.0,5.31e-5,0.0072516,0.0073075,LOCALLY_SOLVED,3.087916411459446e-8,167.23122802064543,167.2312280331005
single,57,1140.0,5.22e-5,0.0086628,0.0087177,LOCALLY_SOLVED,3.079185262322426e-8,167.2312280331005,167.2312280331005
single,58,1160.0,5.43e-5,0.0074148,0.0074734,LOCALLY_SOLVED,3.064633347094059e-8,167.2312280331005,167.2312280331005
single,59,1180.0,5.59e-5,0.0115127,0.0115731,LOCALLY_SOLVED,3.032619133591652e-8,167.2312280331005,167.2312280331005
single,60,1200.0,0.000101,0.0124517,0.0125564,LOCALLY_SOLVED,3.13448254019022e-8,167.2312280331005,167.2312280331005
single,61,1220.0,5.43e-5,0.0082226,0.0082803,LOCALLY_SOLVED,3.079185262322426e-8,167.2312280331005,167.23122802277766
single,62,1240.0,0.0001164,0.0140161,0.0141358,LOCALLY_SOLVED,3.041350282728672e-8,167.23122802277766,167.23122802277766
single,63,1260.0,5.55e-5,0.0068406,0.0069007,LOCALLY_SOLVED,3.0442606657743454e-8,167.23122802277766,167.23122804838374
single,64,1280.0,5.74e-5,0.0068808,0.006942,LOCALLY_SOLVED,3.111199475824833e-8,167.23122804838374,167.2312280311308
single,65,1300.0,5.32e-5,0.0061876,0.0062432,LOCALLY_SOLVED,3.055902197957039e-8,167.2312280311308,167.2312280311308
single,66,1320.0,5.12e-5,0.0080701,0.0081244,LOCALLY_SOLVED,3.041350282728672e-8,167.2312280311308,167.2312280311308
single,67,1340.0,7.85e-5,0.0087966,0.0088781,LOCALLY_SOLVED,3.0529918149113655e-8,167.2312280311308,167.23122801932774
single,68,1360.0,5.34e-5,0.0076613,0.0077174,LOCALLY_SOLVED,3.070454113185406e-8,167.23122801932774,167.23122803529853
single,69,1380.0,5.23e-5,0.0073871,0.0074433,LOCALLY_SOLVED,3.018067218363285e-8,167.23122803529853,167.23122803529853
single,70,1400.0,7.97e-5,0.00789,0.0079726,LOCALLY_SOLVED,3.087916411459446e-8,167.23122803529853,167.23122803529853
single,71,1420.0,5.4e-5,0.007624,0.0076811,LOCALLY_SOLVED,3.087916411459446e-8,167.23122803529853,167.23122802411805
single,72,1440.0,5.34e-5,0.0093356,0.0093928,LOCALLY_SOLVED,3.0297087505459785e-8,167.23122802411805,167.23122802411805
single,73,1460.0,5.82e-5,0.0078297,0.0078908,LOCALLY_SOLVED,3.0529918149113655e-8,167.23122802411805,167.2312280429633
single,74,1480.0,5.36e-5,0.0083731,0.0084298,LOCALLY_SOLVED,3.087916411459446e-8,167.2312280429633,167.23122803163724
single,75,1500.0,5.25e-5,0.0069428,0.0069987,LOCALLY_SOLVED,3.055902197957039e-8,167.23122803163724,167.23122803163724
single,76,1520.0,5.1e-5,0.0069042,0.0069587,LOCALLY_SOLVED,3.0762748792767525e-8,167.23122803163724,167.23122803163724
single,77,1540.0,5.27e-5,0.0067595,0.0068152,LOCALLY_SOLVED,3.064633347094059e-8,167.23122803163724,167.23122802123888
single,78,1560.0,5.24e-5,0.0063841,0.0064391,LOCALLY_SOLVED,3.0762748792767525e-8,167.23122802123888,167.23122803437286
single,79,1580.0,5.15e-5,0.0085903,0.0086452,LOCALLY_SOLVED,3.0529918149113655e-8,167.23122803437286,167.23122803437286
single,80,1600.0,5.31e-5,0.0066949,0.0067515,LOCALLY_SOLVED,3.0297087505459785e-8,167.23122803437286,167.23122803437286
single,81,1620.0,5.92e-5,0.0081287,0.008191,LOCALLY_SOLVED,3.064633347094059e-8,167.23122803437286,167.23122803437286
single,82,1640.0,6.38e-5,0.0078269,0.007895,LOCALLY_SOLVED,3.064633347094059e-8,167.23122803437286,167.2312280189239
single,83,1660.0,6.99e-5,0.0076765,0.007749,LOCALLY_SOLVED,3.111199475824833e-8,167.2312280189239,167.23122803316792
single,84,1680.0,5.25e-5,0.006928,0.0069835,LOCALLY_SOLVED,3.0995579436421394e-8,167.23122803316792,167.23122803316792
single,85,1700.0,5.37e-5,0.0075886,0.0076453,LOCALLY_SOLVED,3.0995579436421394e-8,167.23122803316792,167.23122803316792
single,86,1720.0,5.46e-5,0.0070153,0.0070725,LOCALLY_SOLVED,3.0529918149113655e-8,167.23122803316792,167.23122803316792
single,87,1740.0,5.33e-5,0.0070867,0.0071455,LOCALLY_SOLVED,3.018067218363285e-8,167.23122803316792,167.23122803316792
single,88,1760.0,7.05e-5,0.0067517,0.0068251,LOCALLY_SOLVED,3.041350282728672e-8,167.23122803316792,167.23122803316792
single,89,1780.0,5.14e-5,0.0063156,0.0063692,LOCALLY_SOLVED,3.087916411459446e-8,167.23122803316792,167.23122801816078
single,90,1800.0,4.96e-5,0.0070799,0.0071326,LOCALLY_SOLVED,3.064633347094059e-8,167.23122801816078,167.23122803444016
single,91,1820.0,5.29e-5,0.0065459,0.0066016,LOCALLY_SOLVED,3.041350282728672e-8,167.23122803444016,167.23122803444016
single,92,1840.0,5.42e-5,0.0085283,0.0085849,LOCALLY_SOLVED,3.0297087505459785e-8,167.23122803444016,167.23122803444016
single,93,1860.0,5.27e-5,0.0066709,0.006727,LOCALLY_SOLVED,3.0995579436421394e-8,167.23122803444016,167.23122803444016
single,94,1880.0,5.48e-5,0.0086414,0.0087,LOCALLY_SOLVED,3.050081431865692e-8,167.23122803444016,167.23122802092428
single,95,1900.0,5.61e-5,0.007304,0.0073632,LOCALLY_SOLVED,3.0762748792767525e-8,167.23122802092428,167.2312280321007
single,96,1920.0,5.43e-5,0.0078721,0.0079303,LOCALLY_SOLVED,3.087916411459446e-8,167.2312280321007,167.2312280321007
single,97,1940.0,7.72e-5,0.0115993,0.011681,LOCALLY_SOLVED,3.0442606657743454e-8,167.2312280321007,167.2312280321007
single,98,1960.0,7.33e-5,0.0092359,0.0093121,LOCALLY_SOLVED,3.087916411459446e-8,167.2312280321007,167.2312280321007
single,99,1980.0,5.4e-5,0.0066117,0.006669,LOCALLY_SOLVED,3.0995579436421394e-8,167.2312280321007,167.2312280321007
single,100,2000.0,5.2e-5,0.0096351,0.00969,LOCALLY_SOLVED,3.090826794505119e-8,167.2312280321007,167.2312280321007
single,101,2020.0,5.37e-5,0.0071596,0.0072166,LOCALLY_SOLVED,3.0297087505459785e-8,167.2312280321007,167.2312280321007
single,102,2040.0,8.03e-5,0.0077986,0.0078827,LOCALLY_SOLVED,3.0995579436421394e-8,167.2312280321007,167.2312280321007
single,103,2060.0,6.18e-5,0.0078566,0.0079215,LOCALLY_SOLVED,3.0529918149113655e-8,167.2312280321007,167.2312280321007
single,104,2080.0,7.45e-5,0.016953,0.0170316,LOCALLY_SOLVED,3.064633347094059e-8,167.2312280321007,167.2312280214281
single,105,2100.0,0.0001034,0.0214394,0.0215483,LOCALLY_SOLVED,772.548134140321,167.2312280214281,800.0000071559042
single,106,2120.0,0.0001602,0.0148723,0.0150363,LOCALLY_SOLVED,838.2354819548491,800.0000071559042,800.0000069186541
single,107,2140.0,0.0001141,0.0152636,0.0153811,LOCALLY_SOLVED,889.355062364164,800.0000069186541,800.0000066948314
single,108,2160.0,8.96e-5,0.0198215,0.0199173,LOCALLY_SOLVED,929.729553035053,800.0000066948314,800.0000064760749
single,109,2180.0,0.000142,0.0139247,0.0140701,LOCALLY_SOLVED,961.960432719934,800.0000064760749,800.0000062596089
single,110,2200.0,5.26e-5,0.0112573,0.0113131,LOCALLY_SOLVED,987.9878347404301,800.0000062596089,800.0000060443095
single,111,2220.0,5.58e-5,0.0103928,0.0104524,LOCALLY_SOLVED,1009.2102834829129,800.0000060443095,800.0000058297512
single,112,2240.0,0.0001393,0.011155,0.0112975,LOCALLY_SOLVED,1026.6265759012313,800.0000058297512,800.0000056158559
single,113,2260.0,7.61e-5,0.0310681,0.0311485,LOCALLY_SOLVED,55.39327846860397,800.0000056158559,2.7644773178607152e-6
single,114,2280.0,0.0001201,0.0174404,0.0175649,LOCALLY_SOLVED,44.88964442454744,2.7644773178607152e-6,2.291618890474685e-6
single,115,2300.0,0.0001176,0.0115899,0.0117109,LOCALLY_SOLVED,41.87013491769903,2.291618890474685e-6,1.9697001723361198e-6
single,116,2320.0,5.43e-5,0.0135421,0.0136008,LOCALLY_SOLVED,40.67790395501652,1.9697001723361198e-6,1.7543723848287128e-6
single,117,2340.0,0.0001207,0.0131744,0.0132982,LOCALLY_SOLVED,38.36897623751429,1.7543723848287128e-6,1.625793567488549e-6
single,118,2360.0,5.48e-5,0.0077647,0.0078227,LOCALLY_SOLVED,33.63737637171289,1.625793567488549e-6,1.5833376449470238e-6
single,119,2380.0,5.21e-5,0.0111504,0.0112105,LOCALLY_SOLVED,26.437977481575217,1.5833376449470238e-6,1.6518246941000668e-6
single,120,2400.0,0.0001417,0.0141397,0.0142852,LOCALLY_SOLVED,17.79767820829875,1.6518246941000668e-6,1.9125617224998722e-6
single,121,2420.0,5.48e-5,0.0113177,0.0113761,LOCALLY_SOLVED,9.51947350508999,1.9125617224998722e-6,2.6471761889638806e-6
single,122,2440.0,5.26e-5,0.013142,0.013198,LOCALLY_SOLVED,3.631050757947378,2.6471761889638806e-6,5.6052935093591085e-6
single,123,2460.0,5.49e-5,0.0116143,0.0116728,LOCALLY_SOLVED,1.2279075934493449,5.6052935093591085e-6,2.0145764924439495e-5
single,124,2480.0,5.89e-5,0.0090026,0.0090648,LOCALLY_SOLVED,0.11588711212971248,2.0145764924439495e-5,5.871372105127094e-5
single,125,2500.0,5.42e-5,0.0136278,0.0136861,LOCALLY_SOLVED,5.139101995155215e-5,5.871372105127094e-5,229.26883803353522
single,126,2520.0,8.89e-5,0.0936762,0.0937691,LOCALLY_SOLVED,1.8702616216614842e-5,229.26883803353522,375.12113707773415
single,127,2540.0,5.3e-5,0.0082194,0.008275,LOCALLY_SOLVED,6.794289220124483e-6,375.12113707773415,151.10189414456505
single,128,2560.0,8.58e-5,0.013789,0.0138791,LOCALLY_SOLVED,2.461776603013277e-6,151.10189414456505,88.44530191944887
single,129,2580.0,0.0001049,0.0124426,0.0125511,LOCALLY_SOLVED,8.942733984440565e-7,88.44530191944887,158.32561281478706
single,130,2600.0,5.43e-5,0.0087848,0.0088444,LOCALLY_SOLVED,3.289896994829178e-7,158.32561281478706,193.51806047079916
single,131,2620.0,0.0001262,0.0109694,0.0111004,LOCALLY_SOLVED,1.2837699614465237e-7,193.51806047079916,174.75989707916688
single,132,2640.0,7.58e-5,0.0101428,0.0102219,LOCALLY_SOLVED,5.893525667488575e-8,174.75989707916688,158.63855276030867
single,133,2660.0,6.42e-5,0.0074638,0.0075313,LOCALLY_SOLVED,3.65253072232008e-8,158.63855276030867,163.13584151553732
single,134,2680.0,5.43e-5,0.009901,0.009959,LOCALLY_SOLVED,2.8783688321709633e-8,163.13584151553732,169.66494589321877
single,135,2700.0,5.58e-5,0.0094578,0.0095167,LOCALLY_SOLVED,2.805609256029129e-8,169.66494589321877,169.12293512068004
single,136,2720.0,0.0001079,0.0084491,0.0085604,LOCALLY_SOLVED,2.814340405166149e-8,169.12293512068004,166.64421057298745
single,137,2740.0,5.22e-5,0.0082401,0.0082972,LOCALLY_SOLVED,2.8550857678055763e-8,166.64421057298745,166.44757399267158
single,138,2760.0,8.9e-5,0.0080092,0.0081012,LOCALLY_SOLVED,2.89292074739933e-8,166.44757399267158,167.31825490521078
single,139,2780.0,5.21e-5,0.0090856,0.0091428,LOCALLY_SOLVED,2.852175384759903e-8,167.31825490521078,167.53095992240014
single,140,2800.0,0.0001183,0.0105811,0.0107024,LOCALLY_SOLVED,3.026798367500305e-8,167.53095992240014,167.24782062113698
single,141,2820.0,7.6e-5,0.0107284,0.0108084,LOCALLY_SOLVED,2.986053004860878e-8,167.24782062113698,167.1246332336172
single,142,2840.0,5.87e-5,0.0089884,0.00905,LOCALLY_SOLVED,2.962769940495491e-8,167.1246332336172,167.20798243249112
single,143,2860.0,5.53e-5,0.0085594,0.0086182,LOCALLY_SOLVED,2.986053004860878e-8,167.20798243249112,167.26633321589054
single,144,2880.0,5.38e-5,0.0077947,0.0078517,LOCALLY_SOLVED,2.994784153997898e-8,167.26633321589054,167.24536626806227
single,145,2900.0,5.37e-5,0.009373,0.0094301,LOCALLY_SOLVED,2.962769940495491e-8,167.24536626806227,167.22071154858514
single,146,2920.0,5.42e-5,0.0075957,0.0076528,LOCALLY_SOLVED,2.9423972591757774e-8,167.22071154858514,167.22437773035153
single,147,2940.0,5.73e-5,0.0136209,0.0136826,LOCALLY_SOLVED,2.9191141948103905e-8,167.22437773035153,167.23395652640122
single,148,2960.0,9.16e-5,0.0090658,0.0091602,LOCALLY_SOLVED,3.0064256861805916e-8,167.23395652640122,167.2341654812466
single,149,2980.0,5.12e-5,0.0113347,0.011391,LOCALLY_SOLVED,2.9249349609017372e-8,167.2341654812466,167.23070732546194
single,150,3000.0,0.0001266,0.0076259,0.0077555,LOCALLY_SOLVED,2.8870999813079834e-8,167.23070732546194,167.230073240321
single,151,3020.0,5.15e-5,0.0079945,0.008051,LOCALLY_SOLVED,3.035529516637325e-8,167.230073240321,167.23123155727953
single,152,3040.0,0.0001059,0.0075846,0.0076938,LOCALLY_SOLVED,3.058812581002712e-8,167.23123155727953,167.23164957262557
single,153,3060.0,5.36e-5,0.0110585,0.0111158,LOCALLY_SOLVED,3.032619133591652e-8,167.23164957262557,167.23129475905407
single,154,3080.0,5.21e-5,0.0087034,0.0087603,LOCALLY_SOLVED,2.9831426218152046e-8,167.23129475905407,167.23108513258578
single,155,3100.0,6.0e-5,0.00773,0.007793,LOCALLY_SOLVED,2.9453076422214508e-8,167.23108513258578,167.231180654493
single,156,3120.0,5.03e-5,0.0077189,0.0077724,LOCALLY_SOLVED,2.9423972591757774e-8,167.231180654493,167.23127248095588
single,157,3140.0,5.29e-5,0.0071866,0.007243,LOCALLY_SOLVED,2.9511284083127975e-8,167.23127248095588,167.2312524736718
single,158,3160.0,0.0001317,0.0068643,0.006999,LOCALLY_SOLVED,2.9889633879065514e-8,167.2312524736718,167.2312157713818
single,159,3180.0,4.99e-5,0.0064989,0.0065514,LOCALLY_SOLVED,2.9191141948103905e-8,167.2312157713818,167.2312171435016
single,160,3200.0,4.94e-5,0.0077594,0.007812,LOCALLY_SOLVED,3.012246452271938e-8,167.2312171435016,167.2312307438442
single,161,3220.0,5.38e-5,0.0065356,0.0065921,LOCALLY_SOLVED,3.070454113185406e-8,167.2312307438442,167.23123243805946
single,162,3240.0,5.14e-5,0.0095691,0.0096238,LOCALLY_SOLVED,2.9802322387695312e-8,167.23123243805946,167.23122775328915
single,163,3260.0,5.87e-5,0.0095878,0.0096506,LOCALLY_SOLVED,3.0064256861805916e-8,167.23122775328915,167.23122638002525
single,164,3280.0,9.94e-5,0.0095753,0.0096775,LOCALLY_SOLVED,2.9365764930844307e-8,167.23122638002525,167.23122786595331
single,165,3300.0,6.49e-5,0.0086091,0.0086774,LOCALLY_SOLVED,2.9831426218152046e-8,167.23122786595331,167.23122860658836
single,166,3320.0,0.0001211,0.007737,0.0078614,LOCALLY_SOLVED,3.0064256861805916e-8,167.23122860658836,167.23122818413347
single,167,3340.0,5.13e-5,0.0077077,0.007762,LOCALLY_SOLVED,2.9249349609017372e-8,167.23122818413347,167.23122784606568
single,168,3360.0,5.08e-5,0.0073559,0.0074095,LOCALLY_SOLVED,2.994784153997898e-8,167.23122784606568,167.23122794568053
single,169,3380.0,5.11e-5,0.0064876,0.0065413,LOCALLY_SOLVED,3.041350282728672e-8,167.23122794568053,167.23122808478988
single,170,3400.0,5.12e-5,0.0070506,0.0071046,LOCALLY_SOLVED,3.0064256861805916e-8,167.23122808478988,167.23122807100862
single,171,3420.0,5.08e-5,0.006419,0.0064726,LOCALLY_SOLVED,3.041350282728672e-8,167.23122807100862,167.2312280180484
single,172,3440.0,4.92e-5,0.0078462,0.0078987,LOCALLY_SOLVED,3.087916411459446e-8,167.2312280180484,167.2312280180484
single,173,3460.0,9.88e-5,0.0121483,0.0122507,LOCALLY_SOLVED,3.087916411459446e-8,167.2312280180484,167.23122802829675
single,174,3480.0,0.0001324,0.0088248,0.0089606,LOCALLY_SOLVED,3.0209776014089584e-8,167.23122802829675,167.23122802829675
single,175,3500.0,5.16e-5,0.0074613,0.0075165,LOCALLY_SOLVED,3.0384398996829987e-8,167.23122802829675,167.231228046571
single,176,3520.0,5.72e-5,0.0105936,0.0106547,LOCALLY_SOLVED,3.082095645368099e-8,167.231228046571,167.23122802901204
single,177,3540.0,0.0001183,0.0075084,0.0076295,LOCALLY_SOLVED,3.0064256861805916e-8,167.23122802901204,167.23122802901204
single,178,3560.0,5.19e-5,0.0075719,0.0076266,LOCALLY_SOLVED,3.0064256861805916e-8,167.23122802901204,167.23122802901204
single,179,3580.0,5.16e-5,0.0073165,0.0073712,LOCALLY_SOLVED,3.003515303134918e-8,167.23122802901204,167.23122802901204
single,180,3600.0,5.36e-5,0.0075137,0.0075695,LOCALLY_SOLVED,3.041350282728672e-8,167.23122802901204,167.23122802901204
single,181,3620.0,5.29e-5,0.0064932,0.0065487,LOCALLY_SOLVED,3.0995579436421394e-8,167.23122802901204,167.23122802901204
single,182,3640.0,6.34e-5,0.0082529,0.0083198,LOCALLY_SOLVED,3.047171048820019e-8,167.23122802901204,167.23122804341017
single,183,3660.0,9.51e-5,0.008264,0.0083624,LOCALLY_SOLVED,3.064633347094059e-8,167.23122804341017,167.23122802851896
single,184,3680.0,5.23e-5,0.007188,0.0072434,LOCALLY_SOLVED,3.0675437301397324e-8,167.23122802851896,167.23122802851896
single,185,3700.0,5.27e-5,0.0075773,0.0076335,LOCALLY_SOLVED,3.012246452271938e-8,167.23122802851896,167.23122802851896
single,186,3720.0,5.18e-5,0.0073779,0.0074324,LOCALLY_SOLVED,3.047171048820019e-8,167.23122802851896,167.23122802851896
single,187,3740.0,5.16e-5,0.0078085,0.0078634,LOCALLY_SOLVED,3.0529918149113655e-8,167.23122802851896,167.23122802851896
single,188,3760.0,5.23e-5,0.0075581,0.0076152,LOCALLY_SOLVED,3.041350282728672e-8,167.23122802851896,167.2312280448035
single,189,3780.0,0.0001203,0.0091953,0.0093191,LOCALLY_SOLVED,3.0297087505459785e-8,167.2312280448035,167.23122802827604
single,190,3800.0,5.17e-5,0.0078974,0.0079533,LOCALLY_SOLVED,2.994784153997898e-8,167.23122802827604,167.23122802827604
single,191,3820.0,0.0001499,0.0077314,0.0078841,LOCALLY_SOLVED,3.087916411459446e-8,167.23122802827604,167.23122802827604
single,192,3840.0,5.34e-5,0.0066019,0.0066578,LOCALLY_SOLVED,3.0529918149113655e-8,167.23122802827604,167.23122802827604
single,193,3860.0,5.24e-5,0.0070463,0.0071019,LOCALLY_SOLVED,3.064633347094059e-8,167.23122802827604,167.23122803885735
single,194,3880.0,5.27e-5,0.0065706,0.0066258,LOCALLY_SOLVED,3.032619133591652e-8,167.23122803885735,167.23122803885735
single,195,3900.0,4.93e-5,0.0085129,0.008566,LOCALLY_SOLVED,3.0297087505459785e-8,167.23122803885735,167.23122801697454
single,196,3920.0,5.05e-5,0.0064758,0.0065284,LOCALLY_SOLVED,3.0529918149113655e-8,167.23122801697454,167.23122803086457
single,197,3940.0,5.05e-5,0.0078025,0.0078559,LOCALLY_SOLVED,3.0995579436421394e-8,167.23122803086457,167.23122803086457
single,198,3960.0,7.16e-5,0.0072233,0.0072977,LOCALLY_SOLVED,3.087916411459446e-8,167.23122803086457,167.23122803086457
single,199,3980.0,5.21e-5,0.0097105,0.0097662,LOCALLY_SOLVED,3.0297087505459785e-8,167.23122803086457,167.23122804230394
single,200,4000.0,5.46e-5,0.0072992,0.0073572,LOCALLY_SOLVED,3.064633347094059e-8,167.23122804230394,167.23122802752468
